{
  "PlaceName": "Chic Penthouse with Private Pool \u0026 Breathtaking Views",
  "Rent": "$119 \nnight\n$119 per night\nCHECK-IN\n5/11/2025\nCHECKOUT\n5/16/2025\nGUESTS\n1 guest\nReserve\nYou won\u0027t be charged yet\n$119 x 5 nights\nShow price breakdown\n$597\nCleaning fee\nShow price breakdown\n$23\nAirbnb service fee\nShow price breakdown\n$102\nTotal before taxes\n$722",
  "Description": "2 guests · 1 bedroom · 1 bed · 1.5 baths",
  "Heading": "Hosted by Gabriel\nSuperhost · 9 years hosting",
  "Highlights": "Listing highlights\nDive right in\nThis is one of the few places in the area with a pool.\nExceptional check-in experience\nRecent guests gave the check-in process a 5-star rating.\nFree cancellation for 24 hours\nGet a full refund if you change your mind.",
  "DefaultDescription": "This light, airy penthouse apartment offers breathtaking views of the city, ocean, Signal Hill, Lions Head and Table Mountain. The private roof-deck offers sensational 360° views, a braai/barbecue and a plunge pool to cool off in and enjoy the wonderful views.\n\nThe apartment is in a truly wonderful and centrally located City Bowl neighbourhood - Vredehoek. The area is safe, clean, and beautifully situated on the slopes of the famous Table Mountain. It\u0027s the perfect base for exploring the city.\n\n\nThe apartment has a private roof-deck with magnificent views and offers a plunge pool as well as a braai/barbecue.\n\nThe bedroom is on the middle of the 3 floors and boasts a large bathroom and walk-in dressing room along with great views through the double volume windows. A modern glass floor seamlessly connects the bedroom to the dressing room.\n\nThe lounge and kitchen make up the bottom floor and offer all one could need in their home away from home. The balcony also offers the perfect place to dine outdoors in the splendid Cape Town weather.\n\nThe apartment has 1 parking bay inside the secure complex.\nShow more",
  "Amenities": "What this place offers\nOcean view\nHarbor view\nKitchen\nWifi\nDedicated workspace\nFree parking on premises\nPrivate outdoor pool - available all year, open 24 hours, pool cover, rooftop\nHDTV with Netflix\nFree washer – In building\nFree dryer – In building\nShow all 60 amenities"
}